linhaFonte,codigoProdutoLegado,descricaoCadastro,numeroLote,validade,quantidade,custoUnitario,observacao
2,AT50006,ACIDO TRANEXAMICO 250MG/5ML - CX/50 - ZYDUS,1025.028,2027-10-31,50,2.5,IMPORT_PRODUTOS_854968:linha=2:codigo=AT50006 | nomeOriginal=ACIDO TRANEXAMICO 250MG/5ML - CX/50 - ZYDUS - LT: 1025.028 VL: 10/27 | fornecedorLegado=0
10,AA50002,ACTILYSE ALTEPLASE 50MG/50ML - BOEHRINGER,504227,2028-04-30,2,1800,IMPORT_PRODUTOS_854968:linha=10:codigo=AA50002 | nomeOriginal=ACTILYSE ALTEPLASE 50MG/50ML - BOEHRINGER - LT: 504227 VL: 04/28 | fornecedorLegado=0
15,ÁD10006,ÁGUA DESTILADA 10ML AP - FARMACE - CX/200,26C10265D,2028-02-29,1400,0.18,IMPORT_PRODUTOS_854968:linha=15:codigo=ÁD10006 | nomeOriginal=ÁGUA DESTILADA 10ML AP - FARMACE - CX/200 - LT: 26C10265D VL: 02/28 | fornecedorLegado=0
21,ÁO30001,ÁGUA OXIGENADA 3% 10VL 1L - CX/12 - RIOQUÍMICA,2504324,2028-08-31,10,1,IMPORT_PRODUTOS_854968:linha=21:codigo=ÁO30001 | nomeOriginal=ÁGUA OXIGENADA 3% 10VL 1L - CX/12 - RIOQUÍMICA - LT: 2504324 VL: 08/28 | fornecedorLegado=0
22,ÁPI0001,ÁGUA PARA INJEÇÃO 10ML - FARMACE CX/200,2630180,2028-02-29,200,3.9,IMPORT_PRODUTOS_854968:linha=22:codigo=ÁPI0001 | nomeOriginal=ÁGUA PARA INJEÇÃO 10ML - FARMACE CX/200 -  - LT: 2630180 VL: 02/28 | fornecedorLegado=0
50,A(H0004,ALFAPOETINA ( HEMAX ERITRON) 4000 UI - ACHE - CX/1,2514980,2027-09-30,30,10,IMPORT_PRODUTOS_854968:linha=50:codigo=A(H0004 | nomeOriginal=ALFAPOETINA ( HEMAX ERITRON) 4000 UI - ACHE - CX/1 - LT: 2514980 VL: 09/27 | fornecedorLegado=0
75,ADA0003,AZITROMICINA DI-HIDRATADA AZICIN 500MG CX/10 - GLOBO,A03B09925,2027-09-30,25,8,IMPORT_PRODUTOS_854968:linha=75:codigo=ADA0003 | nomeOriginal=AZITROMICINA DI-HIDRATADA AZICIN 500MG CX/10 - GLOBO - LT: A03B09925 VL: 09/27 | fornecedorLegado=0
78,BR10002,BROMETO DE ROCURONIO 10MG/5ML - CX/25 - CRISTALIA,50037810,2028-01-31,25,4,IMPORT_PRODUTOS_854968:linha=78:codigo=BR10002 | nomeOriginal=BROMETO DE ROCURONIO 10MG/5ML - CX/25 - CRISTALIA LT: 50037810 VAL: 01/28 | fornecedorLegado=0
79,BR10013,BROMETO DE ROCURONIO 10MG/5ML - CX/25 - CRISTALIA,50038122,2028-01-31,3,4,IMPORT_PRODUTOS_854968:linha=79:codigo=BR10013 | nomeOriginal=BROMETO DE ROCURONIO 10MG/5ML - CX/25 - CRISTALIA LT: 50038122 VAL: 01/28 | fornecedorLegado=0
80,BR10003,BROMETO DE ROCURONIO 10MG/5ML - CX/25 - CRISTALIA,50041689,2028-04-30,150,4,IMPORT_PRODUTOS_854968:linha=80:codigo=BR10003 | nomeOriginal=BROMETO DE ROCURONIO 10MG/5ML - CX/25 - CRISTALIA LT: 50041689 VL: 04/28 | fornecedorLegado=0
81,BR10001,BROMETO DE ROCURONIO 10MG/5ML - CX/25 - VOLPHARMA,A0830107,2027-07-31,36,4,IMPORT_PRODUTOS_854968:linha=81:codigo=BR10001 | nomeOriginal=BROMETO DE ROCURONIO 10MG/5ML - CX/25 - VOLPHARMA LT: A0830107 VAL: 07/27 | fornecedorLegado=0
98,CTL0004,CATETER DUPLO LUMEN 7FRX20CM - BIOMEDICAL,202412008,2027-12-31,2,38,IMPORT_PRODUTOS_854968:linha=98:codigo=CTL0004 | nomeOriginal=CATETER DUPLO LUMEN 7FRX20CM - BIOMEDICAL LT: 202412008 VL: 12/27 | fornecedorLegado=0
100,CDL0003,CATETER DUPLO LUMEN 7FRX20CM - MEDIKA IND,391225CV,2028-12-31,6,25,IMPORT_PRODUTOS_854968:linha=100:codigo=CDL0003 | nomeOriginal=CATETER DUPLO LUMEN 7FRX20CM - MEDIKA IND - LT: 391225CV VL: 12/28 | fornecedorLegado=BRUNMED CIRURGICA
101,CDL0004,CATETER DUPLO LUMEN 7FRX20CM - MEDIKA IND,480226CV,2029-02-28,11,25,IMPORT_PRODUTOS_854968:linha=101:codigo=CDL0004 | nomeOriginal=CATETER DUPLO LUMEN 7FRX20CM - MEDIKA IND - LT: 480226CV VL: 02/29 | fornecedorLegado=BRUNMED CIRURGICA
113,CPP0003,CATÉTER P/ PUNÇÃO ARTERIAL 3FX8CM EM PEBAX MICROSELD (RADIAL) - INTRA GMBH,M101341,2028-04-30,1,30,IMPORT_PRODUTOS_854968:linha=113:codigo=CPP0003 | nomeOriginal=CATÉTER P/ PUNÇÃO ARTERIAL 3FX8CM EM PEBAX MICROSELD (RADIAL) - INTRA GMBH - LT: M101341 VL: 04/28 | fornecedorLegado=0
124,CTL0002,CATETER TRIPLO LUMEN 7FRX20CM - ALIVE HEART,T251203A,2030-12-31,1,25,IMPORT_PRODUTOS_854968:linha=124:codigo=CTL0002 | nomeOriginal=CATETER TRIPLO LUMEN 7FRX20CM - ALIVE HEART - LT: T251203A VL: 12/30 | fornecedorLegado=0
142,CS10025,CEFAZOLINA SÓDICA 1G C/50 - BLAU,25110357,2027-10-31,27,2.5,IMPORT_PRODUTOS_854968:linha=142:codigo=CS10025 | nomeOriginal=CEFAZOLINA SÓDICA 1G C/50 - BLAU - LT: 25110357 VL: 10/27 | fornecedorLegado=0
143,CS10026,CEFAZOLINA SÓDICA 1G C/50 - BLAU,25111982,2027-11-30,6,2.5,IMPORT_PRODUTOS_854968:linha=143:codigo=CS10026 | nomeOriginal=CEFAZOLINA SÓDICA 1G C/50 - BLAU - LT: 25111982 VL: 11/27 | fornecedorLegado=0
144,CS10024,CEFAZOLINA SÓDICA 1G C/50 - BLAU,25112226,2027-11-30,10,2.5,IMPORT_PRODUTOS_854968:linha=144:codigo=CS10024 | nomeOriginal=CEFAZOLINA SÓDICA 1G C/50 - BLAU - LT: 25112226 VL: 11/27 | fornecedorLegado=0
145,CS10018,CEFAZOLINA SÓDICA 1G C/50 - BLAU,25121430,2027-11-30,100,2.5,IMPORT_PRODUTOS_854968:linha=145:codigo=CS10018 | nomeOriginal=CEFAZOLINA SÓDICA 1G C/50 - BLAU - LT: 25121430 VL: 11/27 | fornecedorLegado=0
146,CS10030,CEFAZOLINA SÓDICA 1G C/50 - BLAU,25121710,2027-12-31,6,2.5,IMPORT_PRODUTOS_854968:linha=146:codigo=CS10030 | nomeOriginal=CEFAZOLINA SÓDICA 1G C/50 - BLAU - LT: 25121710 VL: 12/27 | fornecedorLegado=0
147,CS10023,CEFAZOLINA SÓDICA 1G C/50 - BLAU,25121730,2027-12-31,9,2.5,IMPORT_PRODUTOS_854968:linha=147:codigo=CS10023 | nomeOriginal=CEFAZOLINA SÓDICA 1G C/50 - BLAU - LT: 25121730 VL: 12/27 | fornecedorLegado=0
148,CS10021,CEFAZOLINA SÓDICA 1G C/50 - BLAU,25121731,2027-12-31,12,2.5,IMPORT_PRODUTOS_854968:linha=148:codigo=CS10021 | nomeOriginal=CEFAZOLINA SÓDICA 1G C/50 - BLAU - LT: 25121731 VL: 12/27 | fornecedorLegado=0
149,CS10019,CEFAZOLINA SÓDICA 1G C/50 - BLAU,26011752,2028-01-31,50,2.5,IMPORT_PRODUTOS_854968:linha=149:codigo=CS10019 | nomeOriginal=CEFAZOLINA SÓDICA 1G C/50 - BLAU - LT: 26011752 VL: 01/28 | fornecedorLegado=0
159,CAS0002,CEFTAZIDIMA PENTAIDRATADA 1G CX/25 - ABL,112144C,2027-03-31,725,6,IMPORT_PRODUTOS_854968:linha=159:codigo=CAS0002 | nomeOriginal=CEFTAZIDIMA PENTAIDRATADA 1G CX/25 - ABL - LT: 112144C VL: 03/27 | fornecedorLegado=NOVAMED
162,C1-0002,CEFTRIAXONA 1G - TEUTO - CX/50,17700022,2028-01-31,250,2.46,IMPORT_PRODUTOS_854968:linha=162:codigo=C1-0002 | nomeOriginal=CEFTRIAXONA 1G - TEUTO - CX/50 - LT: 17700022 VL: 01/28 | fornecedorLegado=0
164,C7-0001,CEFUROXIMA 750MG - CX/25 - BIOCHIMICO,10987,2027-12-31,2,5,IMPORT_PRODUTOS_854968:linha=164:codigo=C7-0001 | nomeOriginal=CEFUROXIMA 750MG - CX/25 - BIOCHIMICO  LT: 10987 VL: 12/27 | fornecedorLegado=0
165,C7-0006,CEFUROXIMA 750MG - CX/25 - EUGIA,BRXIC25014A,2027-07-31,1,5,IMPORT_PRODUTOS_854968:linha=165:codigo=C7-0006 | nomeOriginal=CEFUROXIMA 750MG - CX/25 - EUGIA LT: BRXIC25014A VL: 07/27 | fornecedorLegado=0
166,C7-0007,CEFUROXIMA 750MG - CX/25 - EUGIA,BRXIC25016A,2027-07-31,11,5,IMPORT_PRODUTOS_854968:linha=166:codigo=C7-0007 | nomeOriginal=CEFUROXIMA 750MG - CX/25 - EUGIA LT: BRXIC25016A VL: 07/27 | fornecedorLegado=0
167,T2C0001,CETOPROFENO 100MG CX/50 - EUROFARMA,146927,2028-01-31,50,3.3,IMPORT_PRODUTOS_854968:linha=167:codigo=T2C0001 | nomeOriginal=CETOPROFENO 100MG CX/50 - EUROFARMA - LT: 146927 VAL VL: 01/28 | fornecedorLegado=0
176,C2-0001,CIPROFLOXACINO 2MG/100ML - CX/80 - FRESENIUS,203609,2027-06-30,300,4.5,IMPORT_PRODUTOS_854968:linha=176:codigo=C2-0001 | nomeOriginal=CIPROFLOXACINO 2MG/100ML - CX/80 - FRESENIUS LT: 203609 VL: 06/27 | fornecedorLegado=0
177,C2C0007,CIPROFLOXACINO 2MG/100ML - CX/80 - FRESENIUS,74TK4849,2026-09-30,10,4.5,IMPORT_PRODUTOS_854968:linha=177:codigo=C2C0007 | nomeOriginal=CIPROFLOXACINO 2MG/100ML - CX/80 - FRESENIUS LT: 74TK4849 VL: 09/26 | fornecedorLegado=0
178,C2C0009,CIPROFLOXACINO 2MG/100ML CX/60 - ISOFARMA,5100143,2027-10-31,240,4.5,IMPORT_PRODUTOS_854968:linha=178:codigo=C2C0009 | nomeOriginal=CIPROFLOXACINO 2MG/100ML CX/60 - ISOFARMA - LT: 5100143 VL: 10/27 | fornecedorLegado=0
184,CF00003,CITRATO DE FENTANILA 50MCG/ML 2ML AP CX/50 - HIPOLABOR,AS-015/26M,2028-01-31,100,2.5,IMPORT_PRODUTOS_854968:linha=184:codigo=CF00003 | nomeOriginal=CITRATO DE FENTANILA 50MCG/ML 2ML AP CX/50 - HIPOLABOR - LT: AS-015/26M VL: 01/28 | fornecedorLegado=0
185,CFF0002,"CITRATO DE FENTANILA FENTANEST 0,0785MG/ML 0,05 MG/ML 10ML CX/25 - CRISTÁLIA",50028483,2028-05-31,50,2.5,"IMPORT_PRODUTOS_854968:linha=185:codigo=CFF0002 | nomeOriginal=CITRATO DE FENTANILA FENTANEST 0,0785MG/ML 0,05 MG/ML 10ML CX/25 - CRISTÁLIA - LT: 50028483 VL: 05/28 | fornecedorLegado=0"
200,CS00022,"CLORETO DE SODIO 0,9% 100ML CX/80 - FRESENIUS",74UB0482,2027-01-31,80,3.83,"IMPORT_PRODUTOS_854968:linha=200:codigo=CS00022 | nomeOriginal=CLORETO DE SODIO 0,9%  100ML CX/80 -  FRESENIUS - LT: 74UB0482 VL: 01/27 | fornecedorLegado=0"
202,CS00020,"CLORETO DE SODIO 0,9% 100ML CX/80 - FRESENIUS",74XB0726,2028-01-31,80,3.83,"IMPORT_PRODUTOS_854968:linha=202:codigo=CS00020 | nomeOriginal=CLORETO DE SODIO 0,9%  100ML CX/80 -  FRESENIUS - LT: 74XB0726 VL: 01/28 | fornecedorLegado=0"
209,CS00016,"CLORETO DE SODIO 0,9% 500ML - CX/16 FARMACE",26B12121E,2028-01-31,12,3.83,"IMPORT_PRODUTOS_854968:linha=209:codigo=CS00016 | nomeOriginal=CLORETO DE SODIO 0,9%  500ML - CX/16 FARMACE LT 26B12121E VAL 01/28 | fornecedorLegado=0"
211,CS00010,"CLORETO DE SODIO 0,9% 500ML - CX/30 (BOLSA) BAXTER",PR423N3,2026-12-31,1,3.89,"IMPORT_PRODUTOS_854968:linha=211:codigo=CS00010 | nomeOriginal=CLORETO DE SODIO 0,9%  500ML - CX/30 (BOLSA) BAXTER LT PR423N3 VL 12/26 | fornecedorLegado=0"
212,CS00108,"CLORETO DE SODIO 0,9% 500ML - CX/30 (BOLSA) BAXTER",PR425N3,2027-01-31,2,3.89,"IMPORT_PRODUTOS_854968:linha=212:codigo=CS00108 | nomeOriginal=CLORETO DE SODIO 0,9%  500ML - CX/30 (BOLSA) BAXTER LT PR425N3 VAL 01/27 | fornecedorLegado=0"
214,CS00111,"CLORETO DE SODIO 0,9% 500ML - CX/30 (BOLSA) BAXTER",PR427N9,2027-02-28,1,3.89,"IMPORT_PRODUTOS_854968:linha=214:codigo=CS00111 | nomeOriginal=CLORETO DE SODIO 0,9%  500ML - CX/30 (BOLSA) BAXTER LT PR427N9 VAL 02/27 | fornecedorLegado=0"
218,CS00112,"CLORETO DE SODIO 0,9% 500ML - CX/30 (BOLSA) BAXTER",PR441A5,2027-07-31,1,3.89,"IMPORT_PRODUTOS_854968:linha=218:codigo=CS00112 | nomeOriginal=CLORETO DE SODIO 0,9%  500ML - CX/30 (BOLSA) BAXTER LT PR441A5 VAL 07/27 | fornecedorLegado=0"
220,CS00105,"CLORETO DE SODIO 0,9% 500ML - CX/30 (BOLSA) BAXTER",PR443P9,2027-08-31,1,3.89,"IMPORT_PRODUTOS_854968:linha=220:codigo=CS00105 | nomeOriginal=CLORETO DE SODIO 0,9%  500ML - CX/30 (BOLSA) BAXTER LT PR443P9 VAL 08/27 | fornecedorLegado=0"
224,CS00110,"CLORETO DE SODIO 0,9% 500ML - CX/30 (BOLSA) BAXTER",PR452S8,2027-12-31,1,3.89,"IMPORT_PRODUTOS_854968:linha=224:codigo=CS00110 | nomeOriginal=CLORETO DE SODIO 0,9%  500ML - CX/30 (BOLSA) BAXTER LT PR452S8 VAL 12/27 | fornecedorLegado=0"
238,CS10036,CLORETO DE SUXAMETÔNIO 100MG - CX/1 - UNIAO QUIMICA,2544969,2027-10-31,1,10,IMPORT_PRODUTOS_854968:linha=238:codigo=CS10036 | nomeOriginal=CLORETO DE SUXAMETÔNIO 100MG - CX/1 - UNIAO QUIMICA LT: 2544969 VAL: 10/27 | fornecedorLegado=0
247,CA50006,CLORIDRATO DE AMIODARONA 50MG/ML - CX/100 - HIPOLABOR,AD-035/24,2026-11-30,100,2,IMPORT_PRODUTOS_854968:linha=247:codigo=CA50006 | nomeOriginal=CLORIDRATO DE AMIODARONA 50MG/ML - CX/100 - HIPOLABOR LT: AD-035/24 VAL: 11/26 | fornecedorLegado=0
263,CD20001,CLORIDRATO DE DOBUTAMINA 250MG/20ML CX/10 - HYPOFARMA,25102256,2027-10-31,21,4,IMPORT_PRODUTOS_854968:linha=263:codigo=CD20001 | nomeOriginal=CLORIDRATO DE DOBUTAMINA 250MG/20ML CX/10 - HYPOFARMA - LT: 25102256 VL: 10/27 | fornecedorLegado=0
265,CEK0001,CLORIDRATO DE ESCETAMINA KETAMIN 50MG/ML AP 10ML CX/25 - CRISTÁLIA,50034633,2027-10-31,22,20,IMPORT_PRODUTOS_854968:linha=265:codigo=CEK0001 | nomeOriginal=CLORIDRATO DE ESCETAMINA KETAMIN 50MG/ML AP 10ML CX/25 - CRISTÁLIA - LT:  50034633 VL: 10/27 | fornecedorLegado=0
266,CEK0008,CLORIDRATO DE ESCETAMINA KETAMIN 50MG/ML AP 10ML CX/25 - CRISTÁLIA,50037059,2027-12-31,12,20,IMPORT_PRODUTOS_854968:linha=266:codigo=CEK0008 | nomeOriginal=CLORIDRATO DE ESCETAMINA KETAMIN 50MG/ML AP 10ML CX/25 - CRISTÁLIA - LT:  50037059 VL: 12/27 | fornecedorLegado=0
267,CEK0007,CLORIDRATO DE ESCETAMINA KETAMIN 50MG/ML AP 10ML CX/25 - CRISTÁLIA,50038894,2028-02-29,16,20,IMPORT_PRODUTOS_854968:linha=267:codigo=CEK0007 | nomeOriginal=CLORIDRATO DE ESCETAMINA KETAMIN 50MG/ML AP 10ML CX/25 - CRISTÁLIA - LT:  50038894 VL: 02/28 | fornecedorLegado=0
270,CEK0002,CLORIDRATO DE ESCETAMINA KETAMIN 50MG/ML AP 10ML CX/25 - CRISTÁLIA,50028890,2027-06-30,15,20,IMPORT_PRODUTOS_854968:linha=270:codigo=CEK0002 | nomeOriginal=CLORIDRATO DE ESCETAMINA KETAMIN 50MG/ML AP 10ML CX/25 - CRISTÁLIA - LT: 50028890 VL: 06/27 | fornecedorLegado=0
271,CEK0003,CLORIDRATO DE ESCETAMINA KETAMIN 50MG/ML AP 2ML CX/25 - CRISTÁLIA,50029100,2027-06-30,16,20,IMPORT_PRODUTOS_854968:linha=271:codigo=CEK0003 | nomeOriginal=CLORIDRATO DE ESCETAMINA KETAMIN 50MG/ML AP 2ML CX/25 - CRISTÁLIA - LT:  50029100 VL: 06/27 | fornecedorLegado=0
272,CEK0006,CLORIDRATO DE ESCETAMINA KETAMIN 50MG/ML AP 2ML CX/25 - CRISTÁLIA,50031995,2027-08-31,1,20,IMPORT_PRODUTOS_854968:linha=272:codigo=CEK0006 | nomeOriginal=CLORIDRATO DE ESCETAMINA KETAMIN 50MG/ML AP 2ML CX/25 - CRISTÁLIA - LT:  50031995 VL: 08/27 | fornecedorLegado=0
273,CEK0005,CLORIDRATO DE ESCETAMINA KETAMIN 50MG/ML AP 2ML CX/25 - CRISTÁLIA,50032661,2027-09-30,8,20,IMPORT_PRODUTOS_854968:linha=273:codigo=CEK0005 | nomeOriginal=CLORIDRATO DE ESCETAMINA KETAMIN 50MG/ML AP 2ML CX/25 - CRISTÁLIA - LT:  50032661 VL: 09/27 | fornecedorLegado=0
275,CL20013,CLORIDRATO DE LIDOCAINA 2% 20ML SV CX/25 - CRISTALIA,50032065,2028-08-31,3,5.3,IMPORT_PRODUTOS_854968:linha=275:codigo=CL20013 | nomeOriginal=CLORIDRATO DE LIDOCAINA 2% 20ML SV CX/25 - CRISTALIA - LT: 50032065 VL: 08/28 | fornecedorLegado=0
276,CL20007,CLORIDRATO DE LIDOCAINA 2% 20ML SV CX/25 - CRISTALIA,50032066,2028-08-31,9,5.3,IMPORT_PRODUTOS_854968:linha=276:codigo=CL20007 | nomeOriginal=CLORIDRATO DE LIDOCAINA 2% 20ML SV CX/25 - CRISTALIA - LT: 50032066 VL: 08/28 | fornecedorLegado=0
277,CL20014,CLORIDRATO DE LIDOCAINA 2% 20ML SV CX/25 - CRISTALIA,50033283,2028-09-30,1,5.3,IMPORT_PRODUTOS_854968:linha=277:codigo=CL20014 | nomeOriginal=CLORIDRATO DE LIDOCAINA 2% 20ML SV CX/25 - CRISTALIA - LT: 50033283 VL: 09/28 | fornecedorLegado=0
278,CL20015,CLORIDRATO DE LIDOCAINA 2% 20ML SV CX/25 - CRISTALIA,50034749,2028-10-31,1,5.3,IMPORT_PRODUTOS_854968:linha=278:codigo=CL20015 | nomeOriginal=CLORIDRATO DE LIDOCAINA 2% 20ML SV CX/25 - CRISTALIA - LT: 50034749 VL: 10/28 | fornecedorLegado=0
279,CL20011,CLORIDRATO DE LIDOCAINA 2% 20ML SV CX/25 - CRISTALIA,50034754,2028-10-31,8,5.3,IMPORT_PRODUTOS_854968:linha=279:codigo=CL20011 | nomeOriginal=CLORIDRATO DE LIDOCAINA 2% 20ML SV CX/25 - CRISTALIA - LT: 50034754 VL: 10/28 | fornecedorLegado=0
280,CL20008,CLORIDRATO DE LIDOCAINA 2% 20ML SV CX/25 - CRISTALIA,50034755,2028-10-31,14,5.3,IMPORT_PRODUTOS_854968:linha=280:codigo=CL20008 | nomeOriginal=CLORIDRATO DE LIDOCAINA 2% 20ML SV CX/25 - CRISTALIA - LT: 50034755 VL: 10/28 | fornecedorLegado=0
281,CL20009,CLORIDRATO DE LIDOCAINA 2% 20ML SV CX/25 - CRISTALIA,50035562,2028-11-30,7,5.3,IMPORT_PRODUTOS_854968:linha=281:codigo=CL20009 | nomeOriginal=CLORIDRATO DE LIDOCAINA 2% 20ML SV CX/25 - CRISTALIA - LT: 50035562 VL: 11/28 | fornecedorLegado=0
282,CL20010,CLORIDRATO DE LIDOCAINA 2% 20ML SV CX/25 - CRISTALIA,50035563,2028-11-30,13,5.3,IMPORT_PRODUTOS_854968:linha=282:codigo=CL20010 | nomeOriginal=CLORIDRATO DE LIDOCAINA 2% 20ML SV CX/25 - CRISTALIA - LT: 50035563 VL: 11/28 | fornecedorLegado=0
284,CL20012,CLORIDRATO DE LIDOCAINA 2% 20ML SV CX/25 - CRISTALIA,50038187,2029-01-31,4,5.3,IMPORT_PRODUTOS_854968:linha=284:codigo=CL20012 | nomeOriginal=CLORIDRATO DE LIDOCAINA 2% 20ML SV CX/25 - CRISTALIA - LT: 50038187 VL: 01/29 | fornecedorLegado=0
286,CL20004,CLORIDRATO DE LIDOCAINA 2% 20ML SV CX/25 - HYPOFARMA,26030610,2028-03-31,20,5.3,IMPORT_PRODUTOS_854968:linha=286:codigo=CL20004 | nomeOriginal=CLORIDRATO DE LIDOCAINA 2% 20ML SV CX/25 - HYPOFARMA - LT: 26030610 VL: 03/28 | fornecedorLegado=0
287,CL20005,CLORIDRATO DE LIDOCAINA 2% 20ML SV CX/25 - HYPOFARMA,26030611,2028-03-31,50,5.3,IMPORT_PRODUTOS_854968:linha=287:codigo=CL20005 | nomeOriginal=CLORIDRATO DE LIDOCAINA 2% 20ML SV CX/25 - HYPOFARMA - LT: 26030611 VL: 03/28 | fornecedorLegado=0
288,CLG0021,CLORIDRATO DE LIDOCAINA GELEIA 2% - 20MG - 1 BISNAGA 30G - CRISTALIA,50029709,2027-06-30,1,2.5,IMPORT_PRODUTOS_854968:linha=288:codigo=CLG0021 | nomeOriginal=CLORIDRATO DE LIDOCAINA GELEIA 2% - 20MG - 1 BISNAGA 30G - CRISTALIA LT: 50029709 VAL: 06/27 | fornecedorLegado=0
291,CLG0005,CLORIDRATO DE LIDOCAINA GELEIA 2%/20MG - 1 BISNAGA 30G - NEOQUIMICA,B25F1183,2027-08-31,2,2.5,IMPORT_PRODUTOS_854968:linha=291:codigo=CLG0005 | nomeOriginal=CLORIDRATO DE LIDOCAINA GELEIA 2%/20MG - 1 BISNAGA 30G - NEOQUIMICA LT: B25F1183 VL: 08/27 | fornecedorLegado=0
298,CLG0002,CLORIDRATO DE LIDOCAINA GELEIA 2%/20MG - 1 BISNAGA 30G - NEOQUIMICA,B25K0272,2027-10-31,19,2.5,IMPORT_PRODUTOS_854968:linha=298:codigo=CLG0002 | nomeOriginal=CLORIDRATO DE LIDOCAINA GELEIA 2%/20MG - 1 BISNAGA 30G - NEOQUIMICA LT: B25K0272 VL: 10/27 | fornecedorLegado=0
299,CLG0006,CLORIDRATO DE LIDOCAINA GELEIA 2%/20MG - 1 BISNAGA 30G - NEOQUIMICA,B25K0275,2027-10-31,127,2.5,IMPORT_PRODUTOS_854968:linha=299:codigo=CLG0006 | nomeOriginal=CLORIDRATO DE LIDOCAINA GELEIA 2%/20MG - 1 BISNAGA 30G - NEOQUIMICA LT: B25K0275 VL: 10/27 | fornecedorLegado=0
300,CLG0004,CLORIDRATO DE LIDOCAINA GELEIA 2%/20MG - 1 BISNAGA 30G - NEOQUIMICA,B25M0923,2028-01-31,1,2.5,IMPORT_PRODUTOS_854968:linha=300:codigo=CLG0004 | nomeOriginal=CLORIDRATO DE LIDOCAINA GELEIA 2%/20MG - 1 BISNAGA 30G - NEOQUIMICA LT: B25M0923 VL: 01/28 | fornecedorLegado=0
302,CON0001,CLORIDRATO DE ONDANSETRONA 4MG/ML 2ML AP CX/50 - HIPOLABOR,AQ-107/25,2027-11-30,50,1.08,IMPORT_PRODUTOS_854968:linha=302:codigo=CON0001 | nomeOriginal=CLORIDRATO DE ONDANSETRONA 4MG/ML 2ML AP CX/50 - HIPOLABOR - LT: AQ-107/25 VL: 11/27 | fornecedorLegado=0
303,CO40002,CLORIDRATO DE ONDANSETRONA NAUSEDRON 2MG/ML 4ML AP CX/50 - CRISTÁLIA,50020718,2026-10-31,200,1.08,IMPORT_PRODUTOS_854968:linha=303:codigo=CO40002 | nomeOriginal=CLORIDRATO DE ONDANSETRONA NAUSEDRON 2MG/ML 4ML AP CX/50 - CRISTÁLIA - LT: 50020718 VL: 10/26 | fornecedorLegado=0
308,CR20006,CLORIDRATO DE REMIFENTANILA 2MG - CX/5 - CRISTALIA,50032436,2027-09-30,1,5,IMPORT_PRODUTOS_854968:linha=308:codigo=CR20006 | nomeOriginal=CLORIDRATO DE REMIFENTANILA 2MG - CX/5 - CRISTALIA LT: 50032436 VL: 09/27 | fornecedorLegado=0
309,CR20005,CLORIDRATO DE REMIFENTANILA 2MG - CX/5 - CRISTALIA,50032441,2027-09-30,1,5,IMPORT_PRODUTOS_854968:linha=309:codigo=CR20005 | nomeOriginal=CLORIDRATO DE REMIFENTANILA 2MG - CX/5 - CRISTALIA LT: 50032441 VL: 09/27 | fornecedorLegado=0
310,CR20001,CLORIDRATO DE REMIFENTANILA 2MG - CX/5 - CRISTALIA,50035086,2027-10-31,3,5,IMPORT_PRODUTOS_854968:linha=310:codigo=CR20001 | nomeOriginal=CLORIDRATO DE REMIFENTANILA 2MG - CX/5 - CRISTALIA LT: 50035086 VAL: 10/27 | fornecedorLegado=0
313,CR20002,CLORIDRATO DE REMIFENTANILA 2MG - CX/5 - CRISTALIA,50036318,2027-12-31,8,5,IMPORT_PRODUTOS_854968:linha=313:codigo=CR20002 | nomeOriginal=CLORIDRATO DE REMIFENTANILA 2MG - CX/5 - CRISTALIA LT: 50036318 VAL: 12/27 | fornecedorLegado=0
315,CR20004,CLORIDRATO DE REMIFENTANILA 2MG - CX/5 - CRISTALIA,50038598,2028-02-29,17,5,IMPORT_PRODUTOS_854968:linha=315:codigo=CR20004 | nomeOriginal=CLORIDRATO DE REMIFENTANILA 2MG - CX/5 - CRISTALIA LT: 50038598 VL:02/28 | fornecedorLegado=0
319,CV50014,CLORIDRATO DE VANCOMICINA 500MG - CX/20 - BLAU,25090204,2027-08-31,2,3.5,IMPORT_PRODUTOS_854968:linha=319:codigo=CV50014 | nomeOriginal=CLORIDRATO DE VANCOMICINA 500MG - CX/20 - BLAU LT: 25090204 VAL: 08/27 | fornecedorLegado=0
320,CV50019,CLORIDRATO DE VANCOMICINA 500MG - CX/20 - BLAU,25120370,2027-11-30,2,0,IMPORT_PRODUTOS_854968:linha=320:codigo=CV50019 | nomeOriginal=CLORIDRATO DE VANCOMICINA 500MG - CX/20 - BLAU LT: 25120370 VAL: 11/27 | fornecedorLegado=0
324,CV50017,CLORIDRATO DE VANCOMICINA 500MG CX/50 - TEUTO,1935593,2027-08-31,6,2,IMPORT_PRODUTOS_854968:linha=324:codigo=CV50017 | nomeOriginal=CLORIDRATO DE VANCOMICINA 500MG CX/50 - TEUTO - LT: 1935593 VL: 08/27 | fornecedorLegado=0
327,CL20001,CLORIDRATO LIDOCAINA 2% 20ML SV CX/25 - HYPOFARMA,26030608,2028-03-31,36,5.3,IMPORT_PRODUTOS_854968:linha=327:codigo=CL20001 | nomeOriginal=CLORIDRATO LIDOCAINA 2% 20ML SV CX/25 - HYPOFARMA - LT: 26030608 VL: 03/28 | fornecedorLegado=0
330,C0+0001,"COLAGENASE 0,6U/G + CLORANFENICOL 0,01G/G 30G - CRISTÁLIA",50032225,2027-08-31,3,5,"IMPORT_PRODUTOS_854968:linha=330:codigo=C0+0001 | nomeOriginal=COLAGENASE 0,6U/G + CLORANFENICOL 0,01G/G 30G - CRISTÁLIA - LT: 50032225 VL: 08/27 | fornecedorLegado=0"
336,CUS0005,COLETOR DE URINA SIST. FECHADO 2000ML BOLSA C/P COLETA ESTERIL - MEDIX - CX/100,230920,2028-08-31,175,2.75,IMPORT_PRODUTOS_854968:linha=336:codigo=CUS0005 | nomeOriginal=COLETOR DE URINA SIST. FECHADO 2000ML BOLSA C/P COLETA ESTERIL - MEDIX - CX/100 LT: 230920 VL: 08/28 | fornecedorLegado=0
353,CNI0002,CONTRASTE NÃO IONICO 300MG/50ML - OMNIPAQUE,17304578,2027-07-31,1,55,IMPORT_PRODUTOS_854968:linha=353:codigo=CNI0002 | nomeOriginal=CONTRASTE NÃO IONICO 300MG/50ML  - OMNIPAQUE - LT: 17304578 VL: 07/27 | fornecedorLegado=0
357,CNI0018,CONTRASTE NÃO IONICO HENETIX 350/100ML,23WF355A,2026-07-31,1,100,IMPORT_PRODUTOS_854968:linha=357:codigo=CNI0018 | nomeOriginal=CONTRASTE NÃO IONICO HENETIX 350/100ML LT: 23WF355A VAL: 07/26 | fornecedorLegado=0
360,CB60002,CREME BARREIRA 60G - CX/12 - PROLINK,P26020107,2028-02-29,60,10.2,IMPORT_PRODUTOS_854968:linha=360:codigo=CB60002 | nomeOriginal=CREME BARREIRA 60G - CX/12 - PROLINK LT: P26020107 VL: 02/28 | fornecedorLegado=0
361,C1C0001,CURATIVO 10X12 CM - SMITH&NEPHEW,202445,2027-11-30,37,1,IMPORT_PRODUTOS_854968:linha=361:codigo=C1C0001 | nomeOriginal=CURATIVO 10X12 CM - SMITH&NEPHEW - LT: 202445 VL: 11/27 | fornecedorLegado=0
362,C1C0002,CURATIVO 10X12 CM - SMITH&NEPHEW,202452,2027-12-31,105,1,IMPORT_PRODUTOS_854968:linha=362:codigo=C1C0002 | nomeOriginal=CURATIVO 10X12 CM - SMITH&NEPHEW - LT: 202452 VL: 12/27 | fornecedorLegado=0
363,C1C0003,CURATIVO 10X12 CM - SMITH&NEPHEW,202504,2028-01-31,28,1,IMPORT_PRODUTOS_854968:linha=363:codigo=C1C0003 | nomeOriginal=CURATIVO 10X12 CM - SMITH&NEPHEW - LT: 202504 VL: 01/28 | fornecedorLegado=0
364,C1C0004,CURATIVO 10X12 CM TEGADERM - 3M,344YEN,2028-03-31,1,1,IMPORT_PRODUTOS_854968:linha=364:codigo=C1C0004 | nomeOriginal=CURATIVO 10X12 CM TEGADERM - 3M - LT: 344YEN VL: 03/28 | fornecedorLegado=0
367,CS(0002,CURATIVO SURGICEL (1951) 5.1CM X 35.6CM 2INX14IN - ETHICON,100SGB,2028-12-31,14,2,IMPORT_PRODUTOS_854968:linha=367:codigo=CS(0002 | nomeOriginal=CURATIVO SURGICEL (1951) 5.1CM X 35.6CM 2INX14IN - ETHICON - LT: 100SGB VL: 12/28 | fornecedorLegado=0
368,CS(0001,CURATIVO SURGICEL (1951) 5.1CM X 35.6CM 2INX14IN - ETHICON,105S8U,2029-09-30,5,2,IMPORT_PRODUTOS_854968:linha=368:codigo=CS(0001 | nomeOriginal=CURATIVO SURGICEL (1951) 5.1CM X 35.6CM 2INX14IN - ETHICON - LT: 105S8U VL: 09/29 | fornecedorLegado=0
371,CS(0038,CURATIVO SURGICEL (1952) 10.2CM X 20.3CM 4X8 ETHICON,105S8T,2031-10-31,2,2,IMPORT_PRODUTOS_854968:linha=371:codigo=CS(0038 | nomeOriginal=CURATIVO SURGICEL (1952) 10.2CM X 20.3CM 4X8 ETHICON LT:105S8T  VAL: 10/31 | fornecedorLegado=0
376,CS(0037,CURATIVO SURGICEL (1953) 5.1CM X 7.6CM 2X3 ETHICON,104U40,2031-08-31,4,2,IMPORT_PRODUTOS_854968:linha=376:codigo=CS(0037 | nomeOriginal=CURATIVO SURGICEL (1953) 5.1CM X 7.6CM 2X3 ETHICON LT:104U40  VAL: 08/31 | fornecedorLegado=0
385,DS50004,DIPIRONA MONOIDRATADA 500MG CP CX/ 200 - PRATI,24H512,2026-07-31,1170,0.05,IMPORT_PRODUTOS_854968:linha=385:codigo=DS50004 | nomeOriginal=DIPIRONA MONOIDRATADA 500MG CP CX/ 200 - PRATI - LT: 24H512 VL: 07/26 | fornecedorLegado=0
391,DS10001,DIPIRONA SÓDICA 500MG/ML 2ML AP CX/100 - SANTISA,20732725,2027-09-30,1200,0.53,IMPORT_PRODUTOS_854968:linha=391:codigo=DS10001 | nomeOriginal=DIPIRONA SÓDICA 500MG/ML 2ML AP CX/100 - SANTISA - LT: 20732725 VL: 09/27 | fornecedorLegado=0
395,DPS0001,DRENO P/ SUCÇÃO 14FRX54CM HAIBREATH - SHAOXING HAITECH,2501286,2030-04-30,24,1,IMPORT_PRODUTOS_854968:linha=395:codigo=DPS0001 | nomeOriginal=DRENO P/ SUCÇÃO 14FRX54CM  HAIBREATH - SHAOXING HAITECH - LT: 2501286 VL: 04/30 | fornecedorLegado=0
403,E4-0009,ENOXAPARINA 40MG - CX/10 - VIATRIS,AB14861A,2027-10-31,20,12.2,IMPORT_PRODUTOS_854968:linha=403:codigo=E4-0009 | nomeOriginal=ENOXAPARINA 40MG - CX/10 - VIATRIS - LT: AB14861A VL: 10/27 | fornecedorLegado=0
411,E2-0001,ENOXAPARINA 80MG - CX/02 - VIATRIS,AD08393B,2027-01-31,68,8,IMPORT_PRODUTOS_854968:linha=411:codigo=E2-0001 | nomeOriginal=ENOXAPARINA 80MG - CX/02 - VIATRIS - LT: AD08393B VL: 01/27 | fornecedorLegado=0
439,EHH0017,ESPONJA HEMOSTATICA 125X80X10MM - MAQUIRA (HEMOSPON),075825,2027-01-31,9,15,IMPORT_PRODUTOS_854968:linha=439:codigo=EHH0017 | nomeOriginal=ESPONJA HEMOSTATICA 125X80X10MM - MAQUIRA (HEMOSPON) LT: 075825 VAL: 01/27 | fornecedorLegado=0
443,EHH0004,ESPONJA HEMOSTATICA 125X80X10MM - MAQUIRA (HEMOSPON),163725,2027-03-31,6,15,IMPORT_PRODUTOS_854968:linha=443:codigo=EHH0004 | nomeOriginal=ESPONJA HEMOSTATICA 125X80X10MM - MAQUIRA (HEMOSPON) LT: 163725 VAL: 03/27 | fornecedorLegado=0
445,EHH0019,ESPONJA HEMOSTATICA 125X80X10MM - MAQUIRA (HEMOSPON),262925,2027-04-30,16,15,IMPORT_PRODUTOS_854968:linha=445:codigo=EHH0019 | nomeOriginal=ESPONJA HEMOSTATICA 125X80X10MM - MAQUIRA (HEMOSPON) LT: 262925 VAL: 04/27 | fornecedorLegado=0
449,E10001,ETILEFRINA 10MG/1ML AP CX6 UNIÃO QUIMICA,2618386,2028-04-30,2,2.2,IMPORT_PRODUTOS_854968:linha=449:codigo=E10001 | nomeOriginal=ETILEFRINA 10MG/1ML AP CX6 UNIÃO QUIMICA LT 2618386 VAL 04/28 | fornecedorLegado=0
452,FS50002,FENITOÍNA SÓDICA 50MG/ML 5ML - CX/72 - TEUTO,1419241,2026-12-31,2,3.16,IMPORT_PRODUTOS_854968:linha=452:codigo=FS50002 | nomeOriginal=FENITOÍNA SÓDICA 50MG/ML 5ML - CX/72 - TEUTO - LT: 1419241 VL: 12/26 | fornecedorLegado=GREEN MED DISTRIBUIDORA E IMPORTADORA DE MEDICAMENTOS E PRODUTOS PARA SAUDE LTDA.
454,F1C0001,FENOBARBITAL 100MG - CX/200 - CART/10CP - (FENOCRIS) CRISTALIA,50021405,2026-11-30,150,0.23,IMPORT_PRODUTOS_854968:linha=454:codigo=F1C0001 | nomeOriginal=FENOBARBITAL 100MG - CX/200 - CART/10CP - (FENOCRIS) CRISTALIA LT: 50021405 VL: 11/26 | fornecedorLegado=0
455,F370002,FIO BIOLINE SB10X20CM ABSORVIVEL,202415746,2026-09-30,2,10,IMPORT_PRODUTOS_854968:linha=455:codigo=F370002 | nomeOriginal=FIO BIOLINE SB10X20CM ABSORVIVEL LT 202415746 VAL: 09/26 | fornecedorLegado=0
456,FBS0001,FIO BIOLINE SB10X20CM ABSORVIVEL,202415910,2026-09-30,1,10,IMPORT_PRODUTOS_854968:linha=456:codigo=FBS0001 | nomeOriginal=FIO BIOLINE SB10X20CM ABSORVIVEL LT 202415910 VAL: 09/26 | fornecedorLegado=0
463,FEV0001,FITOMENADIONA ESKAVIT VITAMINA K 10MG/ML 01ML FR CX/50 - HIPOLABOR,AU-005/25,2027-02-28,500,1.5,IMPORT_PRODUTOS_854968:linha=463:codigo=FEV0001 | nomeOriginal=FITOMENADIONA ESKAVIT VITAMINA K 10MG/ML 01ML FR CX/50 - HIPOLABOR - LT: AU-005/25 VL: 02/27 | fornecedorLegado=0
465,CT80001,FIXADOR DE ACESSO VENOSO 8.5CM X 11.5CM 3.4 X 4.6,15D23,2028-03-31,20,2,IMPORT_PRODUTOS_854968:linha=465:codigo=CT80001 | nomeOriginal=FIXADOR DE ACESSO VENOSO 8.5CM X 11.5CM 3.4 X 4.6 LT:15D23 VAL: 03/28 | fornecedorLegado=0
476,F100001,FUROSEMIDA 10MG/ML 02ML FR CX/100 - HYPOFARMA,25040460,2027-04-30,100,0.6,IMPORT_PRODUTOS_854968:linha=476:codigo=F100001 | nomeOriginal=FUROSEMIDA 10MG/ML 02ML FR CX/100 - HYPOFARMA - LT: 25040460 VL: 04/27 | fornecedorLegado=0
478,CS00114,GLICOSE 5% 100ML - CX/50 - BAXTER,PR422N5,2026-06-30,1,2,IMPORT_PRODUTOS_854968:linha=478:codigo=CS00114 | nomeOriginal=GLICOSE 5% 100ML - CX/50 - BAXTER LT PR422N5 VAL 06/26 | fornecedorLegado=0
483,HN20001,HEMITARTARATO DE NOREPINEFRINA 2MG/ML FR 4ML - HYPOFARMA - CX/50,25020262,2027-02-28,30,1,IMPORT_PRODUTOS_854968:linha=483:codigo=HN20001 | nomeOriginal=HEMITARTARATO DE NOREPINEFRINA 2MG/ML FR 4ML - HYPOFARMA - CX/50 - LT: 25020262 VL: 02/27 | fornecedorLegado=0
484,N8H0002,HEMITARTARATO DE NOREPINEFRINA 2MG/ML FR 4ML - HYPOFARMA - CX/50,25050550,2027-05-31,50,1.5,IMPORT_PRODUTOS_854968:linha=484:codigo=N8H0002 | nomeOriginal=HEMITARTARATO DE NOREPINEFRINA 2MG/ML FR 4ML - HYPOFARMA - CX/50 - LT: 25050550 VL: 05/27 | fornecedorLegado=0
488,HS50002,HEPARINA SÓDICA 5.000UI/ML 5ML CX/25 - BLAU,25101685,2028-10-31,25,15.77,IMPORT_PRODUTOS_854968:linha=488:codigo=HS50002 | nomeOriginal=HEPARINA SÓDICA 5.000UI/ML 5ML CX/25 - BLAU - LT: 25101685 VL: 10/28 | fornecedorLegado=0
489,H1-0004,HIDROCORTISONA 100MG - BLAU CX/50,25110902,2027-08-31,50,2.5,IMPORT_PRODUTOS_854968:linha=489:codigo=H1-0004 | nomeOriginal=HIDROCORTISONA 100MG - BLAU CX/50 - LT: 25110902 VL: 08/27 | fornecedorLegado=0
493,H1-0003,HIDROCORTISONA 500MG - BLAU CX/50,2509348,2027-02-28,7,2.5,IMPORT_PRODUTOS_854968:linha=493:codigo=H1-0003 | nomeOriginal=HIDROCORTISONA 500MG - BLAU CX/50 - LT: 2509348 VL: 02/27 | fornecedorLegado=0
494,H5-0003,HIDROCORTISONA 500MG - BLAU CX/50,2547852,2027-10-31,23,2.5,IMPORT_PRODUTOS_854968:linha=494:codigo=H5-0003 | nomeOriginal=HIDROCORTISONA 500MG - BLAU CX/50 - LT: 2547852 VL: 10/27 | fornecedorLegado=0
495,H5-0001,HIDROCORTISONA 500MG - BLAU CX/50,2553836,2027-11-30,8,2.5,IMPORT_PRODUTOS_854968:linha=495:codigo=H5-0001 | nomeOriginal=HIDROCORTISONA 500MG - BLAU CX/50 - LT: 2553836 VL: 11/27 | fornecedorLegado=0
496,H1-0001,HIDROCORTISONA 500MG - BLAU CX/50,26010218,2027-12-31,50,4.87,IMPORT_PRODUTOS_854968:linha=496:codigo=H1-0001 | nomeOriginal=HIDROCORTISONA 500MG - BLAU CX/50 - LT: 26010218 VL: 12/27 | fornecedorLegado=0
504,HL20001,HYPOCAÍNA LIDOCAINA 2% 20MG/ML 20ML CV - CX/25 - HYPOFARMA,25071598,2027-06-30,3,2,IMPORT_PRODUTOS_854968:linha=504:codigo=HL20001 | nomeOriginal=HYPOCAÍNA LIDOCAINA 2% 20MG/ML 20ML CV - CX/25 - HYPOFARMA LT: 25071598 VL: 06/27 | fornecedorLegado=NOVAMED
508,IHR0005,INSULINA HUMANA 100MG/10ML INSUNORM N - ASPEN PHARMA,BF25001549,2027-04-30,1,50,IMPORT_PRODUTOS_854968:linha=508:codigo=IHR0005 | nomeOriginal=INSULINA HUMANA 100MG/10ML INSUNORM N - ASPEN PHARMA - LT: BF25001549 VAL: 04/27 | fornecedorLegado=NOVAMED
512,IHR0002,INSULINA HUMANA REGULAR 100MG/10ML - NOVO NORDISK (NOVOLIN),RT6KA98,2027-11-30,1,50,IMPORT_PRODUTOS_854968:linha=512:codigo=IHR0002 | nomeOriginal=INSULINA HUMANA REGULAR 100MG/10ML - NOVO NORDISK (NOVOLIN) LT: RT6KA98 VL: 11/27 | fornecedorLegado=0
513,IHR0006,INSULINA HUMANA REGULAR 100MG/10ML - NOVO NORDISK (NOVOLIN),RT6KS92,2027-11-30,3,50,IMPORT_PRODUTOS_854968:linha=513:codigo=IHR0006 | nomeOriginal=INSULINA HUMANA REGULAR 100MG/10ML - NOVO NORDISK (NOVOLIN) LT: RT6KS92 VL: 11/27 | fornecedorLegado=0
531,L120002,LIDOCAINA 1% 20ML SV CX/25 - CRISTÁLIA,50025930,2028-03-31,1,5.3,IMPORT_PRODUTOS_854968:linha=531:codigo=L120002 | nomeOriginal=LIDOCAINA 1% 20ML SV CX/25 - CRISTÁLIA - LT: 50025930 VL: 03/28 | fornecedorLegado=0
532,L120001,LIDOCAINA 1% 20ML SV CX/25 - HYPOFARMA,25010352,2027-01-31,1,5.3,IMPORT_PRODUTOS_854968:linha=532:codigo=L120001 | nomeOriginal=LIDOCAINA 1% 20ML SV CX/25 - HYPOFARMA - LT 25010352 VAL: 01/27 | fornecedorLegado=0
533,L120005,LIDOCAINA 1% 20ML SV CX/25 - HYPOFARMA,25041062,2027-04-30,13,5.3,IMPORT_PRODUTOS_854968:linha=533:codigo=L120005 | nomeOriginal=LIDOCAINA 1% 20ML SV CX/25 - HYPOFARMA - LT 25041062 VAL: 04/27 | fornecedorLegado=0
552,LLB0003,"LINEZOLIDA LIZBI BOLSA 2MG/ML 0,2% CX/10 - HALEXISTAR",201704,2027-03-31,90,8.18,"IMPORT_PRODUTOS_854968:linha=552:codigo=LLB0003 | nomeOriginal=LINEZOLIDA LIZBI BOLSA 2MG/ML 0,2% CX/10 - HALEXISTAR - LT: 201704 VL: 03/27 | fornecedorLegado=0"
586,M5-0001,MEROPENEM 1G - CX/25 - BIO CHIMICO,010847,2027-07-31,25,7,IMPORT_PRODUTOS_854968:linha=586:codigo=M5-0001 | nomeOriginal=MEROPENEM 1G - CX/25 - BIO CHIMICO LT: 010847 VL: 07/27 | fornecedorLegado=0
600,M1C0001,MEROPENEM 500MG CX/10 - FRESENIUS,78XC1096,2028-03-31,40,7,IMPORT_PRODUTOS_854968:linha=600:codigo=M1C0001 | nomeOriginal=MEROPENEM 500MG CX/10 - FRESENIUS - LT: 78XC1096 VL: 03/28 | fornecedorLegado=0
613,NF20001,NEO FEDIPINA 20MG 30/CP NEO QUIMICA,B23J2146,2026-09-30,3270,1,IMPORT_PRODUTOS_854968:linha=613:codigo=NF20001 | nomeOriginal=NEO FEDIPINA 20MG  30/CP NEO QUIMICA LT: B23J2146 VAL: 09/26 | fornecedorLegado=0
615,NE20002,NEURO ESPONJA 2.5X7.6 CM DETECTÁVEL AO RAIO-X - PCT/ 10 - DEROYAL,2103081,2027-10-31,1,1,IMPORT_PRODUTOS_854968:linha=615:codigo=NE20002 | nomeOriginal=NEURO ESPONJA 2.5X7.6 CM DETECTÁVEL AO RAIO-X - PCT/ 10 - DEROYAL - LT: 2103081 VL: 10/27 | fornecedorLegado=0
617,NE20003,NEURO ESPONJA 2.5X7.6 CM DETECTÁVEL AO RAIO-X - PCT/ 10 - DEROYAL,22123781,2027-12-31,2,1,IMPORT_PRODUTOS_854968:linha=617:codigo=NE20003 | nomeOriginal=NEURO ESPONJA 2.5X7.6 CM DETECTÁVEL AO RAIO-X - PCT/ 10 - DEROYAL - LT: 22123781 VL: 12/27 | fornecedorLegado=0
624,N550003,NITROGLICERINA 5MG/ML 5ML - CX/10 - CRISTALIA (TRIDIL),50036295,2027-12-31,3,10,IMPORT_PRODUTOS_854968:linha=624:codigo=N550003 | nomeOriginal=NITROGLICERINA 5MG/ML 5ML - CX/10 - CRISTALIA (TRIDIL) LT: 50036295 VAL: 12/27 | fornecedorLegado=0
646,P+T0002,PIPERACILINA + TAZOBACTAM 4G + 500MG - CX/10 - TEUTO,45370061,2027-10-31,20,9,IMPORT_PRODUTOS_854968:linha=646:codigo=P+T0002 | nomeOriginal=PIPERACILINA + TAZOBACTAM 4G + 500MG - CX/10 - TEUTO - LT: 45370061 VL: 10/27 | fornecedorLegado=0
647,P+T0003,PIPERACILINA + TAZOBACTAM 4G + 500MG - CX/10 - TEUTO,45370064,2027-11-30,19,9,IMPORT_PRODUTOS_854968:linha=647:codigo=P+T0003 | nomeOriginal=PIPERACILINA + TAZOBACTAM 4G + 500MG - CX/10 - TEUTO - LT: 45370064 VL: 11/27 | fornecedorLegado=0
648,P+T0004,PIPERACILINA + TAZOBACTAM 4G + 500MG - CX/10 - UNIÃO QUÍMICA,PT0425056A,2027-01-31,10,9,IMPORT_PRODUTOS_854968:linha=648:codigo=P+T0004 | nomeOriginal=PIPERACILINA + TAZOBACTAM 4G + 500MG - CX/10 - UNIÃO QUÍMICA - LT: PT0425056A VL: 01/27 | fornecedorLegado=0
652,P+T0006,PIPERACILINA + TAZOBACTAM 4G + 500MG - CX/10 - VIATRIS,5200881,2027-07-31,550,9,IMPORT_PRODUTOS_854968:linha=652:codigo=P+T0006 | nomeOriginal=PIPERACILINA + TAZOBACTAM 4G + 500MG - CX/10 - VIATRIS LT: 5200881 VL: 07/27 | fornecedorLegado=0
653,P110001,PROPOFOL 1% 10MG/ML 20ML - CX/10 - CRISTÁLIA,50024951,2026-08-31,40,6,IMPORT_PRODUTOS_854968:linha=653:codigo=P110001 | nomeOriginal=PROPOFOL 1% 10MG/ML 20ML - CX/10 - CRISTÁLIA - LT: 50024951 VL: 08/26 | fornecedorLegado=0
655,P110008,PROPOFOL 1% 10MG/ML 20ML - CX/5 - BAXTER,A0I0476A,2027-07-31,2,6,IMPORT_PRODUTOS_854968:linha=655:codigo=P110008 | nomeOriginal=PROPOFOL 1% 10MG/ML 20ML - CX/5 - BAXTER - LT: A0I0476A VAL: 07/27 | fornecedorLegado=0
656,P1-0002,PROPOFOL 10MG/20ML - CX/5 - MIDFARMA,24PF20095,2026-09-30,130,5,IMPORT_PRODUTOS_854968:linha=656:codigo=P1-0002 | nomeOriginal=PROPOFOL 10MG/20ML - CX/5 - MIDFARMA LT: 24PF20095 VL: 09/26 | fornecedorLegado=0
657,P1-0003,PROPOFOL 10MG/20ML - CX/5 - MIDFARMA,24PF20106,2026-10-31,30,5,IMPORT_PRODUTOS_854968:linha=657:codigo=P1-0003 | nomeOriginal=PROPOFOL 10MG/20ML - CX/5 - MIDFARMA LT: 24PF20106 VL: 10/26 | fornecedorLegado=0
660,P2B0019,PROPOFOL 20ML B BRAUN CX/5,25136050,2027-02-28,1,6,IMPORT_PRODUTOS_854968:linha=660:codigo=P2B0019 | nomeOriginal=PROPOFOL 20ML B BRAUN CX/5 - LT 25136050 VAL 02/27 | fornecedorLegado=0
661,RCL0012,RINGER C/ LACTADO 500ML (BOLSA) BAXTER CX/30,PR445W7,2027-03-31,14,6.49,IMPORT_PRODUTOS_854968:linha=661:codigo=RCL0012 | nomeOriginal=RINGER C/ LACTADO 500ML (BOLSA) BAXTER CX/30 LT PR445W7 VL 03/27 | fornecedorLegado=0
664,R7C0006,"ROPIVACAINA 7,5MG/1ML CX/25 HYPOFARMA",25041056,2027-04-30,12,6.5,"IMPORT_PRODUTOS_854968:linha=664:codigo=R7C0006 | nomeOriginal=ROPIVACAINA 7,5MG/1ML CX/25 HYPOFARMA  LT:25041056 VAL 04/27 | fornecedorLegado=0"
668,R7C0008,"ROPIVACAINA 7,5MG/20ML CX/25 - TEUTO",6848059,2028-11-30,29,3,"IMPORT_PRODUTOS_854968:linha=668:codigo=R7C0008 | nomeOriginal=ROPIVACAINA 7,5MG/20ML CX/25 - TEUTO -  LT:6848059 - VAL 11/28 | fornecedorLegado=NOVAMED"
669,SÓF0002,SACARATO DE ÓXIDO FÉRRICO 20MG/ML 5ML AP CX/50 - BLAU,26010836,2028-01-31,20,12.1,IMPORT_PRODUTOS_854968:linha=669:codigo=SÓF0002 | nomeOriginal=SACARATO DE ÓXIDO FÉRRICO 20MG/ML 5ML AP CX/50 - BLAU - LT: 26010836  VL: 01/28 | fornecedorLegado=0
726,SS20008,SEVOFLURANO SEVONESS 250ML - BAXTER,S006A614,2027-12-31,1,220,IMPORT_PRODUTOS_854968:linha=726:codigo=SS20008 | nomeOriginal=SEVOFLURANO SEVONESS  250ML - BAXTER - LT: S006A614 VL: 12/27 | fornecedorLegado=0
735,SAS0002,SONDA DE ASPIRAÇÃO SISTEMA FECHADO 24H 14FRX60CM - GUANGZHOU AMK,25033003,2030-03-31,1,15,IMPORT_PRODUTOS_854968:linha=735:codigo=SAS0002 | nomeOriginal=SONDA DE ASPIRAÇÃO SISTEMA FECHADO 24H 14FRX60CM - GUANGZHOU AMK - LT: 25033003 VL: 03/30 | fornecedorLegado=0
736,SAS0001,SONDA DE ASPIRAÇÃO SISTEMA FECHADO 24H 14FRX60CM - GUANGZHOU AMK,25052004,2030-05-31,27,15,IMPORT_PRODUTOS_854968:linha=736:codigo=SAS0001 | nomeOriginal=SONDA DE ASPIRAÇÃO SISTEMA FECHADO 24H 14FRX60CM - GUANGZHOU AMK - LT: 25052004 VL: 05/30 | fornecedorLegado=0
758,SA10005,SULFATO DE ATROPINA 1/4MG 1ML AP CX/100 - FARMACE,AT25M043,2027-11-30,100,0.82,IMPORT_PRODUTOS_854968:linha=758:codigo=SA10005 | nomeOriginal=SULFATO DE ATROPINA 1/4MG 1ML AP CX/100 - FARMACE - LT: AT25M043 VL: 11/27 11/27 | fornecedorLegado=0
760,SA10004,SULFATO DE ATROPINA 1/4MG 1ML AP CX/100 - FARMACE,AT26A006,2027-12-31,100,0.82,IMPORT_PRODUTOS_854968:linha=760:codigo=SA10004 | nomeOriginal=SULFATO DE ATROPINA 1/4MG 1ML AP CX/100 - FARMACE - LT: AT26A006 VL: 12/27 | fornecedorLegado=0
764,SE50005,SULFATO DE EFEDRINA 50MG/ML 1ML - CX/25 - UNIÃO QUIMICA,2601106B,2028-01-31,50,3,IMPORT_PRODUTOS_854968:linha=764:codigo=SE50005 | nomeOriginal=SULFATO DE EFEDRINA 50MG/ML 1ML - CX/25 - UNIÃO QUIMICA LT: 2601106B VL: 01/28 | fornecedorLegado=0
765,SE50006,SULFATO DE EFEDRINA 50MG/ML 1ML - CX/25 - UNIÃO QUIMICA,2620630A,2028-05-31,50,3,IMPORT_PRODUTOS_854968:linha=765:codigo=SE50006 | nomeOriginal=SULFATO DE EFEDRINA 50MG/ML 1ML - CX/25 - UNIÃO QUIMICA LT: 2620630A VL: 05/28 | fornecedorLegado=0
766,SG40001,SULFATO DE GENTAMICINA 40MG/ML 2ML AP CX/100 - HYPOFARMA,25010002,2027-01-31,100,0.5,IMPORT_PRODUTOS_854968:linha=766:codigo=SG40001 | nomeOriginal=SULFATO DE GENTAMICINA 40MG/ML 2ML AP CX/100 - HYPOFARMA - LT: 25010002 VL: 01/27 | fornecedorLegado=0
773,SN+0006,SULFATO DE NEOMICINA + BACITRACINA ZINCICA 15G - EMS,4Y3137,2027-08-31,2,0,IMPORT_PRODUTOS_854968:linha=773:codigo=SN+0006 | nomeOriginal=SULFATO DE NEOMICINA + BACITRACINA ZINCICA 15G - EMS - LT:4Y3137  VAL: 08/27 | fornecedorLegado=0
776,SN50006,SULFATO DE NEOMICINA 5MG/G + BACITRACINA ZINCICA 250UI/G 10G - ALTEFAR,055466,2027-05-31,23,0,IMPORT_PRODUTOS_854968:linha=776:codigo=SN50006 | nomeOriginal=SULFATO DE NEOMICINA 5MG/G + BACITRACINA ZINCICA 250UI/G 10G - ALTEFAR - LT: 055466 VL: 05/27 | fornecedorLegado=0
777,SN+0002,SULFATO DE NEOMICINA 5MG/G + BACITRACINA ZINCICA 250UI/G 15G ALTEFAR,25062,2027-02-28,3,0,IMPORT_PRODUTOS_854968:linha=777:codigo=SN+0002 | nomeOriginal=SULFATO DE NEOMICINA 5MG/G + BACITRACINA ZINCICA 250UI/G 15G ALTEFAR LT 25062 VL 02/27 | fornecedorLegado=0
778,SN50005,SULFATO DE NEOMICINA 5MG/G + BACITRACINA ZINCICA 250UI/G 15G MEDLEY,LFKP01598,2027-01-31,1,2,IMPORT_PRODUTOS_854968:linha=778:codigo=SN50005 | nomeOriginal=SULFATO DE NEOMICINA 5MG/G + BACITRACINA ZINCICA 250UI/G 15G MEDLEY - LT LFKP01598 - VL 01/27 | fornecedorLegado=0
779,SN50004,SULFATO DE NEOMICINA 5MG/G + BACITRACINA ZINCICA 250UI/G 15G MEDLEY,LFKP07863,2027-06-30,1,2,IMPORT_PRODUTOS_854968:linha=779:codigo=SN50004 | nomeOriginal=SULFATO DE NEOMICINA 5MG/G + BACITRACINA ZINCICA 250UI/G 15G MEDLEY - LT LFKP07863 - VL 06/27 | fornecedorLegado=0
780,SN50001,SULFATO DE NEOMICINA 5MG/G + BACITRACINA ZINCICA 250UI/G 15G PRATI,25G145,2027-06-30,1,0,IMPORT_PRODUTOS_854968:linha=780:codigo=SN50001 | nomeOriginal=SULFATO DE NEOMICINA 5MG/G + BACITRACINA ZINCICA 250UI/G 15G PRATI LT 25G145 VL 06/27 | fornecedorLegado=0
781,SN50003,SULFATO DE NEOMICINA 5MG/G + BACITRACINA ZINCICA 250UI/G 15G PRATI,25K47S,2027-11-30,24,2,IMPORT_PRODUTOS_854968:linha=781:codigo=SN50003 | nomeOriginal=SULFATO DE NEOMICINA 5MG/G + BACITRACINA ZINCICA 250UI/G 15G PRATI LT 25K47S VL 11/27 | fornecedorLegado=0
782,SN50002,SULFATO DE NEOMICINA 5MG/G + BACITRACINA ZINCICA 250UI/G 15G PRATI,25L194,2027-11-30,4,2,IMPORT_PRODUTOS_854968:linha=782:codigo=SN50002 | nomeOriginal=SULFATO DE NEOMICINA 5MG/G + BACITRACINA ZINCICA 250UI/G 15G PRATI LT 25L194 VL 11/27 | fornecedorLegado=0
785,SF40001,SURGICEL FIBRILLAR 4INX4IN (10.2CMX10.2CM) - ETHICON,10C62K,2028-08-31,7,50,IMPORT_PRODUTOS_854968:linha=785:codigo=SF40001 | nomeOriginal=SURGICEL FIBRILLAR 4INX4IN (10.2CMX10.2CM) - ETHICON - LT: 10C62K VL: 08/28 | fornecedorLegado=0
789,T2C0002,TENOXICAM 20MG/2ML CX/50 - EUROFARMA,138295,2027-12-31,100,4.5,IMPORT_PRODUTOS_854968:linha=789:codigo=T2C0002 | nomeOriginal=TENOXICAM 20MG/2ML  CX/50 - EUROFARMA - LT: 138295 VL: 12/27 | fornecedorLegado=0
790,T2C0003,TENOXICAM 20MG/2ML CX/50 - EUROFARMA,138297,2027-12-31,50,4.5,IMPORT_PRODUTOS_854968:linha=790:codigo=T2C0003 | nomeOriginal=TENOXICAM 20MG/2ML  CX/50 - EUROFARMA - LT: 138297 VL: 12/27 | fornecedorLegado=0
791,T2C0005,TENOXICAM 20MG/2ML CX/50 - EUROFARMA,138444,2027-12-31,50,4.5,IMPORT_PRODUTOS_854968:linha=791:codigo=T2C0005 | nomeOriginal=TENOXICAM 20MG/2ML  CX/50 - EUROFARMA - LT: 138444 VL: 12/27 | fornecedorLegado=0
792,T2C0029,TENOXICAM 20MG/2ML CX/50 - EUROFARMA,144916,2028-01-31,910,4.5,IMPORT_PRODUTOS_854968:linha=792:codigo=T2C0029 | nomeOriginal=TENOXICAM 20MG/2ML  CX/50 - EUROFARMA - LT: 144916 VAL VL: 01/28 | fornecedorLegado=0
793,T2C0030,TENOXICAM 20MG/2ML CX/50 CRISTALIA,50036156,2027-12-31,25,4,IMPORT_PRODUTOS_854968:linha=793:codigo=T2C0030 | nomeOriginal=TENOXICAM 20MG/2ML  CX/50 CRISTALIA - LT: 50036156 VAL: 12/27 | fornecedorLegado=0
814,V2F0002,VASOPRESSINA 20U/ML FR 1ML ENCRISE CX/25 - BIOLAB,50204274,2027-06-30,1,10,IMPORT_PRODUTOS_854968:linha=814:codigo=V2F0002 | nomeOriginal=VASOPRESSINA 20U/ML FR 1ML ENCRISE CX/25 - BIOLAB - LT: 50204274 VL: 06/27 | fornecedorLegado=0
817,V2F0004,VASOPRESSINA 20U/ML FR 1ML ENCRISE CX/25 - BIOLAB,50505814,2027-08-31,4,10,IMPORT_PRODUTOS_854968:linha=817:codigo=V2F0004 | nomeOriginal=VASOPRESSINA 20U/ML FR 1ML ENCRISE CX/25 - BIOLAB - LT: 50505814 VL: 08/27 | fornecedorLegado=0
818,V2F0006,VASOPRESSINA 20U/ML FR 1ML ENCRISE CX/25 - BIOLAB,50607154,2027-10-31,6,10,IMPORT_PRODUTOS_854968:linha=818:codigo=V2F0006 | nomeOriginal=VASOPRESSINA 20U/ML FR 1ML ENCRISE CX/25 - BIOLAB - LT: 50607154 VL: 10/27 | fornecedorLegado=0
